type	id	url
post	37	https://prelom.bg/двояка-полза/
post	39	https://prelom.bg/кой-ходи-с-бога/
post	41	https://prelom.bg/голяма-светлина/
post	43	https://prelom.bg/контрол-религиозният-дух-изобличен/
post	45	https://prelom.bg/апостолска-мисия-режим-на-мислене/
post	47	https://prelom.bg/оскверняването-на-вътрешния-храм/
page	59	https://prelom.bg/събития/
page	65	https://prelom.bg/donate/
page	70	https://prelom.bg/creeds/
page	123	https://prelom.bg/volunteers/
page	125	https://prelom.bg/volunteer-signup/
page	127	https://prelom.bg/contact-volunteer/
page	142	https://prelom.bg/audio/
page	152	https://prelom.bg/video/
page	158	https://prelom.bg/media/
page	185	https://prelom.bg/statement-churchsplit-2017bg/
page	191	https://prelom.bg/charter/
page	195	https://prelom.bg/charter-bg/
post	217	https://prelom.bg/ден-1-духовно-тяло/
page	233	https://prelom.bg/newsletter/
post	239	https://prelom.bg/ден-2-исус-христос-от-назарет/
post	259	https://prelom.bg/ден-3-преминаване-от-тъмнината-в-свет/
post	273	https://prelom.bg/ден-4-голямата-заповед/
post	289	https://prelom.bg/ден-5-единство-с-бога/
post	316	https://prelom.bg/ден-6-единство-с-тялото/
post	333	https://prelom.bg/ден-7-господството-на-исус/
post	347	https://prelom.bg/ден-8-тялото-христово-е-надеждата-на-то/
post	368	https://prelom.bg/ден-9-вселенска-общност/
post	378	https://prelom.bg/ден-10-от-квартала-до-краищата-на-света/
post	397	https://prelom.bg/ден-11-дом-на-молитва/
post	402	https://prelom.bg/ден-12-просвещение/
post	405	https://prelom.bg/ден-13-ние-сме-юдео-християни/
post	436	https://prelom.bg/ден-14-историята-е-важна/
post	459	https://prelom.bg/ден-15-семейство-от-семейства/
page	478	https://prelom.bg/assessment2017/
post	487	https://prelom.bg/ден-16-тяло-местно-тяло-световно/
post	500	https://prelom.bg/ден-17-исус-изпраща-когото-и-когато-реши/
post	504	https://prelom.bg/ден-18-апостол-и-пророк-не-председател-и/
page	552	https://prelom.bg/testimony-regarding-breakthrough-christian-center-split-by-pastor-kurdomanov/
page	562	https://prelom.bg/kaloyan-kurdomanov-exibit-a-blackmail-threats-desperate-about-his-reputation-before-trinity-christian-center/
page	569	https://prelom.bg/публична-подкрепа-от-вярващи-от-14-декем/
post	574	https://prelom.bg/какво-е-разцепление-на-църква-и-какво-н/
page	582	https://prelom.bg/exhibit-b-pastor-kurdomanov-forwards-internal-church-communication-to-someone-in-singapore/
page	599	https://prelom.bg/защо-прелом/
page	603	https://prelom.bg/insidevideoblog/
post	651	https://prelom.bg/как-църквата-може-да-се-превърне-в-събр/
page	688	https://prelom.bg/justice21/
page	725	https://prelom.bg/програма-за-подготовка-на-млади-хора/
page	900	https://prelom.bg/pokana220319/
post	1020	https://prelom.bg/кой-е-исус-част-втора/
post	1026	https://prelom.bg/кой-е-мойсей-за-българите/
post	1030	https://prelom.bg/цион-прорчеството-на-исая-изпълняващ/
post	1057	https://prelom.bg/кой-е-наистина-исус-част-първа/
page	1069	https://prelom.bg/dr-joseph-shulam-registration-form/
post	1127	https://prelom.bg/не-давайте-святи-неща-на-прасетата/
post	1158	https://prelom.bg/от-хеленизъм-към-хебраизъм-завръщане/
page	1358	https://prelom.bg/ukraine/
page	1511	https://prelom.bg/
page	1532	https://prelom.bg/видео-партньорство-заедно/
page	1537	https://prelom.bg/най-новата-информация-26-януари/
page	1555	https://prelom.bg/men/
page	1562	https://prelom.bg/първо-са-мъжете/
post	1578	https://prelom.bg/можем-ли-да-се-съгласим/
page	1596	https://prelom.bg/contact/
post	1613	https://prelom.bg/библейски-уебинар-сериозно-изучаван/
category	-	https://prelom.bg/category/pouchenie/
category	-	https://prelom.bg/category/obshti/
category	-	https://prelom.bg/category/apostolski/
category	-	https://prelom.bg/category/positions/
category	-	https://prelom.bg/category/english/
category	-	https://prelom.bg/category/prorocheski/
category	-	https://prelom.bg/category/videochat/
category	-	https://prelom.bg/category/архив/
category	-	https://prelom.bg/category/archives/
category	-	https://prelom.bg/category/дейности/
tag	-	https://prelom.bg/tag/35днинаоткровение/
tag	-	https://prelom.bg/tag/харта/
tag	-	https://prelom.bg/tag/вяра/
tag	-	https://prelom.bg/tag/тора/
tag	-	https://prelom.bg/tag/единство/
tag	-	https://prelom.bg/tag/духовно-тяло/
tag	-	https://prelom.bg/tag/църква/
tag	-	https://prelom.bg/tag/апостолат/
tag	-	https://prelom.bg/tag/исус-христос/
tag	-	https://prelom.bg/tag/реформация/
tag	-	https://prelom.bg/tag/християнство/
tag	-	https://prelom.bg/tag/апостол/
tag	-	https://prelom.bg/tag/любов/
tag	-	https://prelom.bg/tag/царство/
tag	-	https://prelom.bg/tag/бог/
tag	-	https://prelom.bg/tag/култура/
tag	-	https://prelom.bg/tag/христос/
tag	-	https://prelom.bg/tag/месия/
tag	-	https://prelom.bg/tag/исус/
tag	-	https://prelom.bg/tag/библия/
tag	-	https://prelom.bg/tag/протестантство/
tag	-	https://prelom.bg/tag/православие/
tag	-	https://prelom.bg/tag/гръцки/
tag	-	https://prelom.bg/tag/pouchenie/
tag	-	https://prelom.bg/tag/апостоли/
tag	-	https://prelom.bg/tag/божият-закон/
tag	-	https://prelom.bg/tag/дело/
tag	-	https://prelom.bg/tag/семейство/
tag	-	https://prelom.bg/tag/евангелие/
tag	-	https://prelom.bg/tag/тялото-христово/
tag	-	https://prelom.bg/tag/израел/
tag	-	https://prelom.bg/tag/свобода/
tag	-	https://prelom.bg/tag/кой/
tag	-	https://prelom.bg/tag/иврит/
tag	-	https://prelom.bg/tag/религия/
tag	-	https://prelom.bg/tag/моисей/
tag	-	https://prelom.bg/tag/пророци/
tag	-	https://prelom.bg/tag/погърчване/
tag	-	https://prelom.bg/tag/святият-дух/
tag	-	https://prelom.bg/tag/българи/
tag	-	https://prelom.bg/tag/народ/
tag	-	https://prelom.bg/tag/пророк/
tag	-	https://prelom.bg/tag/свят/
tag	-	https://prelom.bg/tag/назидание/
tag	-	https://prelom.bg/tag/молитва/
tag	-	https://prelom.bg/tag/въпрос/
tag	-	https://prelom.bg/tag/грижа/
tag	-	https://prelom.bg/tag/помазаник/
tag	-	https://prelom.bg/tag/цион/
tag	-	https://prelom.bg/tag/исай/
tag	-	https://prelom.bg/tag/битие/
tag	-	https://prelom.bg/tag/мала-азия/
tag	-	https://prelom.bg/tag/живот/
tag	-	https://prelom.bg/tag/закон/
tag	-	https://prelom.bg/tag/знание/
tag	-	https://prelom.bg/tag/власт/
tag	-	https://prelom.bg/tag/общество/
tag	-	https://prelom.bg/tag/политика/
tag	-	https://prelom.bg/tag/апостолска-мисия/
tag	-	https://prelom.bg/tag/сион/
tag	-	https://prelom.bg/tag/павел/
tag	-	https://prelom.bg/tag/анатема/
tag	-	https://prelom.bg/tag/фамилия/
tag	-	https://prelom.bg/tag/вярващи/
tag	-	https://prelom.bg/tag/хебраична-основа/
tag	-	https://prelom.bg/tag/благовестие/
tag	-	https://prelom.bg/tag/анатемосване/
tag	-	https://prelom.bg/tag/божи-син/
tag	-	https://prelom.bg/tag/симон/
tag	-	https://prelom.bg/tag/влияние/
tag	-	https://prelom.bg/tag/хеленизъм/
tag	-	https://prelom.bg/tag/заблуди/
tag	-	https://prelom.bg/tag/дом/
tag	-	https://prelom.bg/tag/латинизиране/
tag	-	https://prelom.bg/tag/превод/
tag	-	https://prelom.bg/tag/святи-места/
tag	-	https://prelom.bg/tag/прасета/
tag	-	https://prelom.bg/tag/святи/
tag	-	https://prelom.bg/tag/богословие/
tag	-	https://prelom.bg/tag/месианство/
tag	-	https://prelom.bg/tag/хеленистични/
tag	-	https://prelom.bg/tag/мисли/
tag	-	https://prelom.bg/tag/талмуда/
tag	-	https://prelom.bg/tag/хебраизъм/
tag	-	https://prelom.bg/tag/матей/
tag	-	https://prelom.bg/tag/жертва/
tag	-	https://prelom.bg/tag/храм/
tag	-	https://prelom.bg/tag/равин/
tag	-	https://prelom.bg/tag/мишна/
tag	-	https://prelom.bg/tag/кодеш/
tag	-	https://prelom.bg/tag/староеврейски/
tag	-	https://prelom.bg/tag/йешуа/
tag	-	https://prelom.bg/tag/спасител/
tag	-	https://prelom.bg/tag/дева-мария/
tag	-	https://prelom.bg/tag/икона/
tag	-	https://prelom.bg/tag/воля/
tag	-	https://prelom.bg/tag/вярващи-бог/
tag	-	https://prelom.bg/tag/въпроси/
tag	-	https://prelom.bg/tag/ерусалим/
tag	-	https://prelom.bg/tag/пътища/
tag	-	https://prelom.bg/tag/давид/
tag	-	https://prelom.bg/tag/цар/
tag	-	https://prelom.bg/tag/яков/
tag	-	https://prelom.bg/tag/инструкции/
tag	-	https://prelom.bg/tag/деяния-на-апостолите/
tag	-	https://prelom.bg/tag/петокнижие/
tag	-	https://prelom.bg/tag/кетувим/
tag	-	https://prelom.bg/tag/вярване/
tag	-	https://prelom.bg/tag/българия/
tag	-	https://prelom.bg/tag/мнения/
tag	-	https://prelom.bg/tag/отец/
tag	-	https://prelom.bg/tag/синагога/
tag	-	https://prelom.bg/tag/незнание/
tag	-	https://prelom.bg/tag/писания/
tag	-	https://prelom.bg/tag/истина/
tag	-	https://prelom.bg/tag/невиим/
tag	-	https://prelom.bg/tag/автентично/
tag	-	https://prelom.bg/tag/самюъл-ривърс/
tag	-	https://prelom.bg/tag/юдеин/
tag	-	https://prelom.bg/tag/сплотеност/
tag	-	https://prelom.bg/tag/тайнство/
tag	-	https://prelom.bg/tag/свързани/
tag	-	https://prelom.bg/tag/достъп/
tag	-	https://prelom.bg/tag/голямата-заповед/
tag	-	https://prelom.bg/tag/нео-реформация/
tag	-	https://prelom.bg/tag/християнска-цивилизация/
tag	-	https://prelom.bg/tag/юдео-християнски/
tag	-	https://prelom.bg/tag/стар-завет/
tag	-	https://prelom.bg/tag/господство/
tag	-	https://prelom.bg/tag/заповеди/
tag	-	https://prelom.bg/tag/възраст/
tag	-	https://prelom.bg/tag/етнос/
tag	-	https://prelom.bg/tag/образование/
tag	-	https://prelom.bg/tag/пол/
tag	-	https://prelom.bg/tag/раса/
tag	-	https://prelom.bg/tag/вселенска-общност/
tag	-	https://prelom.bg/tag/идентичност/
tag	-	https://prelom.bg/tag/надежда/
tag	-	https://prelom.bg/tag/управление/
tag	-	https://prelom.bg/tag/нов-завет/
tag	-	https://prelom.bg/tag/duhovno-voiuvane/
tag	-	https://prelom.bg/tag/english/
tag	-	https://prelom.bg/tag/медия/
tag	-	https://prelom.bg/tag/аудио/
tag	-	https://prelom.bg/tag/видео/
tag	-	https://prelom.bg/tag/duhoven-rastej/
tag	-	https://prelom.bg/tag/nasurchenie/
tag	-	https://prelom.bg/tag/vduhnovenie/
tag	-	https://prelom.bg/tag/reformatorsko-slovo/
tag	-	https://prelom.bg/tag/religiozen-duh/
tag	-	https://prelom.bg/tag/beliefs/
tag	-	https://prelom.bg/tag/worldview/
tag	-	https://prelom.bg/tag/доктрина/
tag	-	https://prelom.bg/tag/кредо/
tag	-	https://prelom.bg/tag/християнски-живот/
tag	-	https://prelom.bg/tag/организация/
tag	-	https://prelom.bg/tag/ценности/
tag	-	https://prelom.bg/tag/вярвания/
tag	-	https://prelom.bg/tag/values/
tag	-	https://prelom.bg/tag/identity/
tag	-	https://prelom.bg/tag/lifestyle/
tag	-	https://prelom.bg/tag/prorocheski-sunishta/
tag	-	https://prelom.bg/tag/разцепление/
tag	-	https://prelom.bg/tag/втората-заповед/
tag	-	https://prelom.bg/tag/ближният/
tag	-	https://prelom.bg/tag/деца/
tag	-	https://prelom.bg/tag/отговорност/
tag	-	https://prelom.bg/tag/мъж/
tag	-	https://prelom.bg/tag/жена/
tag	-	https://prelom.bg/tag/духовно-семейство/
tag	-	https://prelom.bg/tag/семейства/
tag	-	https://prelom.bg/tag/католицизъм/
tag	-	https://prelom.bg/tag/словото-на-бога/
tag	-	https://prelom.bg/tag/система/
tag	-	https://prelom.bg/tag/kaloyan-kurdomanov/
tag	-	https://prelom.bg/tag/church-split/
tag	-	https://prelom.bg/tag/водителство/
tag	-	https://prelom.bg/tag/екип/
tag	-	https://prelom.bg/tag/дарби/
tag	-	https://prelom.bg/tag/деяния/
tag	-	https://prelom.bg/tag/контрол/
tag	-	https://prelom.bg/tag/жетва/
tag	-	https://prelom.bg/tag/работници/
tag	-	https://prelom.bg/tag/протестанти/
tag	-	https://prelom.bg/tag/права/
tag	-	https://prelom.bg/tag/апостолски-център/
tag	-	https://prelom.bg/tag/апостолски/
tag	-	https://prelom.bg/tag/квартал/
tag	-	https://prelom.bg/tag/мисия/
tag	-	https://prelom.bg/tag/мандат/
tag	-	https://prelom.bg/tag/мрежи/
tag	-	https://prelom.bg/tag/център/
tag	-	https://prelom.bg/tag/краищата-на-света/
tag	-	https://prelom.bg/tag/хуманност/
tag	-	https://prelom.bg/tag/ходатайство/
tag	-	https://prelom.bg/tag/смирение/
tag	-	https://prelom.bg/tag/корени/
tag	-	https://prelom.bg/tag/история/
tag	-	https://prelom.bg/tag/традиция/
tag	-	https://prelom.bg/tag/убеждение/
tag	-	https://prelom.bg/tag/юдаизъм/
tag	-	https://prelom.bg/tag/еврейски-народ/
tag	-	https://prelom.bg/tag/промяна/
tag	-	https://prelom.bg/tag/съживление/
tag	-	https://prelom.bg/tag/просвещение/
tag	-	https://prelom.bg/tag/грък/
author	-	https://prelom.bg/author/admin/
author	-	https://prelom.bg/author/admin3/
media	19	https://prelom.bg/wp-content/uploads/2017/03/cropped-Big_Eagle_Spread_Wings_HD_Birds_Photos.jpg
media	20	https://prelom.bg/wp-content/uploads/2017/03/cropped-cropped-Big_Eagle_Spread_Wings_HD_Birds_Photos.jpg
media	22	https://prelom.bg/wp-content/uploads/2017/03/cropped-cropped-Big_Eagle_Spread_Wings_HD_Birds_Photos-1.jpg
media	78	https://prelom.bg/wp-content/uploads/2017/03/cropped-Big_Eagle_Spread_Wings_HD_Birds_Photos-1.jpg
media	79	https://prelom.bg/wp-content/uploads/2017/03/cropped-cropped-Big_Eagle_Spread_Wings_HD_Birds_Photos-1-1.jpg
media	88	https://prelom.bg/wp-content/uploads/2017/03/cropped-cropped-Big_Eagle_Spread_Wings_HD_Birds_Photos-1-2.jpg
media	89	https://prelom.bg/wp-content/uploads/2017/03/cropped-cropped-Big_Eagle_Spread_Wings_HD_Birds_Photos-2.jpg
media	94	https://prelom.bg/wp-content/uploads/2017/03/cropped-cropped-cropped-Big_Eagle_Spread_Wings_HD_Birds_Photos.jpg
media	121	https://prelom.bg/wp-content/uploads/2017/03/IMG_0678.png
media	134	https://prelom.bg/wp-content/uploads/2017/04/IMG_3449.jpg
media	166	https://prelom.bg/wp-content/uploads/2017/04/prelom-media-header.png
media	176	https://prelom.bg/wp-content/uploads/2017/03/Goblins-at-Halloween-House-Copy.jpg
media	177	https://prelom.bg/wp-content/uploads/2017/03/israel-lake-gal.png
media	178	https://prelom.bg/wp-content/uploads/2017/03/yt-road-to-emmaus-screenshot.jpg
media	197	https://prelom.bg/wp-content/uploads/2017/05/prelom-logo-est.jpg
media	229	https://prelom.bg/wp-content/uploads/2017/05/freely-36201.jpg
media	230	https://prelom.bg/wp-content/uploads/2017/05/den1.png
media	231	https://prelom.bg/wp-content/uploads/2017/05/freely-36201-copy.jpeg
media	240	https://prelom.bg/wp-content/uploads/2017/05/h9k0foylfva-tim-marshall-973x649.jpg
media	253	https://prelom.bg/wp-content/uploads/2017/05/jesus-cross.jpg
media	263	https://prelom.bg/wp-content/uploads/2017/05/IMG_0023.jpg
media	284	https://prelom.bg/wp-content/uploads/2017/05/freely-10173-preview-973x649.jpg
media	293	https://prelom.bg/wp-content/uploads/2017/05/aaron-burden-236415-973x730.jpg
media	323	https://prelom.bg/wp-content/uploads/2017/05/freely-10064-preview-973x598.jpg
media	342	https://prelom.bg/wp-content/uploads/2017/05/frank-mckenna-118432-973x648.jpg
media	353	https://prelom.bg/wp-content/uploads/2017/05/freely-10185-preview-973x649.jpg
media	375	https://prelom.bg/wp-content/uploads/2017/05/freely-10182-preview-973x649.jpg
media	383	https://prelom.bg/wp-content/uploads/2017/04/volunteers.jpg
media	390	https://prelom.bg/wp-content/uploads/2017/05/freely-10304-preview-973x649.jpg
media	401	https://prelom.bg/wp-content/uploads/2017/05/holding-hands-752878_640.jpg
media	409	https://prelom.bg/wp-content/uploads/2017/05/вчера-и-утре.jpg
media	434	https://prelom.bg/wp-content/uploads/2017/05/western-wall-2253313_640.jpg
media	441	https://prelom.bg/wp-content/uploads/2017/05/photographs-1209751_640.jpg
media	444	https://prelom.bg/wp-content/uploads/2017/05/radovan_jelena2017.png
media	463	https://prelom.bg/wp-content/uploads/2017/05/t1quoamyxds-naassom-azevedo-973x623.jpg
media	495	https://prelom.bg/wp-content/uploads/2017/06/e92l8pwchd4-ben-white-973x650.jpg
media	509	https://prelom.bg/wp-content/uploads/2017/06/32720153024_a039000bc4_z.jpg
media	512	https://prelom.bg/wp-content/uploads/2017/06/6181969670_b3905bd781_z-1.jpg
media	518	https://prelom.bg/wp-content/uploads/2017/06/5960650702_f38fa581f5_z.jpg
media	523	https://prelom.bg/wp-content/uploads/2017/04/prelom-logo-est-1024x1024.jpg
media	564	https://prelom.bg/wp-content/uploads/2017/06/Kaloyan-Kurdomanov-blackmail-threats.png
media	577	https://prelom.bg/wp-content/uploads/2017/07/medhurst.jpg
media	583	https://prelom.bg/wp-content/uploads/2017/07/Screenshot-from-2017-07-03-08-45-18.png
media	652	https://prelom.bg/wp-content/uploads/2017/09/samuel-rivers.png
media	655	https://prelom.bg/wp-content/uploads/2017/09/Samuel-Rivers-092017.doc
media	673	https://prelom.bg/wp-content/uploads/2017/09/samuel-rivers.jpg
media	846	https://prelom.bg/wp-content/uploads/2018/11/Faithsuperstitions-1.doc
media	926	https://prelom.bg/wp-content/uploads/2019/03/truth-seekers.doc
media	975	https://prelom.bg/wp-content/uploads/2019/05/header.jpg
media	976	https://prelom.bg/wp-content/uploads/2019/05/cropped-header.jpg
media	1027	https://prelom.bg/wp-content/uploads/2019/10/cross-671379_960_720.jpg
media	1042	https://prelom.bg/wp-content/uploads/2019/10/torah-4299038_960_720.jpg
media	1046	https://prelom.bg/wp-content/uploads/2019/10/sion.png
media	1058	https://prelom.bg/wp-content/uploads/2019/10/book-1210030__340.jpg
media	1059	https://prelom.bg/wp-content/uploads/2019/10/book-1210030__340-1.jpg
media	1079	https://prelom.bg/wp-content/uploads/2019/10/img_4088-e1571852049974.jpg
media	1105	https://prelom.bg/wp-content/uploads/2019/10/dr-Shulam.jpg
media	1128	https://prelom.bg/wp-content/uploads/2019/12/davids-tomb-1618233_960_720.jpg
media	1159	https://prelom.bg/wp-content/uploads/2020/02/george-headshot.jpg
media	1160	https://prelom.bg/wp-content/uploads/2020/02/hebraism.png
media	1512	https://prelom.bg/wp-content/uploads/2024/01/100X100-Bulgaria.png
media	1519	https://prelom.bg/wp-content/uploads/2024/01/utre-sega.png
media	1579	https://prelom.bg/wp-content/uploads/2024/03/pexels-photo-1000445.jpg
media	1580	https://prelom.bg/wp-content/uploads/2024/03/img_5915-1.jpg
media	1612	https://prelom.bg/wp-content/uploads/2024/01/maxresdefault.jpg
